N,Time,Flops,Performance
100,0.003571,1.990000,557.266872
N,Time,Flops,Performance
43,0.000240,0.157165,654.854167
N,Time,Flops,Performance
271,0.085121,39.731581,466.765910
N,Time,Flops,Performance
113,0.004682,2.873025,613.631995
N,Time,Flops,Performance
341,0.177258,79.187361,446.735047
N,Time,Flops,Performance
69,0.001007,0.652257,647.722939
