N,Time,Flops,Performance
375,0.239031,105.328125,440.646297
